<?xml version="1.0" encoding="UTF-8"?>
<project-private xmlns="http://www.netbeans.org/ns/project-private/1">
    <editor-bookmarks xmlns="http://www.netbeans.org/ns/editor-bookmarks/2" lastBookmarkId="0"/>
    <open-files xmlns="http://www.netbeans.org/ns/projectui-open-files/2">
        <group>
            <file>file:/home/sam170703dev/Documentos/GitHub/1-DAM-GS-Informatica/1-DAM-GS-Programacion/Segundo%20Trimestre/Tema%208/Ejercicios/Ejercicios%20de%20Aplicacion/Ejercicio8P15Aplicacion/src/ejercicio8p15aplicacion/Lista.java</file>
            <file>file:/home/sam170703dev/Documentos/GitHub/1-DAM-GS-Informatica/1-DAM-GS-Programacion/Segundo%20Trimestre/Tema%208/Ejercicios/Ejercicios%20de%20Aplicacion/Ejercicio8P15Aplicacion/src/ejercicio8p15aplicacion/Ejercicio8P15Aplicacion.java</file>
        </group>
    </open-files>
</project-private>
