<?xml version="1.0" encoding="UTF-8"?>
<project-private xmlns="http://www.netbeans.org/ns/project-private/1">
    <editor-bookmarks xmlns="http://www.netbeans.org/ns/editor-bookmarks/2" lastBookmarkId="0"/>
    <open-files xmlns="http://www.netbeans.org/ns/projectui-open-files/2">
        <group>
            <file>file:/home/sam170703dev/Documentos/GitHub/1-DAM-GS-Informatica/1-DAM-GS-Programacion/Segundo%20Trimestre/examenGLobal/ExamenGlobalTrimestre2/src/examenglobaltrimestre2/Jefe.java</file>
            <file>file:/home/sam170703dev/Documentos/GitHub/1-DAM-GS-Informatica/1-DAM-GS-Programacion/Segundo%20Trimestre/examenGLobal/ExamenGlobalTrimestre2/src/examenglobaltrimestre2/ExamenGlobalTrimestre2.java</file>
            <file>file:/home/sam170703dev/Documentos/GitHub/1-DAM-GS-Informatica/1-DAM-GS-Programacion/Segundo%20Trimestre/examenGLobal/ExamenGlobalTrimestre2/src/examenglobaltrimestre2/Ejercito.java</file>
            <file>file:/home/sam170703dev/Documentos/GitHub/1-DAM-GS-Informatica/1-DAM-GS-Programacion/Segundo%20Trimestre/examenGLobal/ExamenGlobalTrimestre2/src/examenglobaltrimestre2/Personaje.java</file>
            <file>file:/home/sam170703dev/Documentos/GitHub/1-DAM-GS-Informatica/1-DAM-GS-Programacion/Segundo%20Trimestre/examenGLobal/ExamenGlobalTrimestre2/src/examenglobaltrimestre2/Guerrero.java</file>
        </group>
    </open-files>
</project-private>
