<?xml version="1.0" encoding="UTF-8"?>
<project-private xmlns="http://www.netbeans.org/ns/project-private/1">
    <editor-bookmarks xmlns="http://www.netbeans.org/ns/editor-bookmarks/2" lastBookmarkId="0"/>
    <open-files xmlns="http://www.netbeans.org/ns/projectui-open-files/2">
        <group>
            <file>file:/home/sam170703dev/Documentos/GitHub/1-DAM-GS-Informatica/1-DAM-GS-Programacion/Examen-Recuperarion-Segundo-Trimestre/AplicacionExamen/src/Embarcaciones/Submarino.java</file>
            <file>file:/home/sam170703dev/Documentos/GitHub/1-DAM-GS-Informatica/1-DAM-GS-Programacion/Examen-Recuperarion-Segundo-Trimestre/AplicacionExamen/src/Embarcaciones/Barco.java</file>
            <file>file:/home/sam170703dev/Documentos/GitHub/1-DAM-GS-Informatica/1-DAM-GS-Programacion/Examen-Recuperarion-Segundo-Trimestre/AplicacionExamen/src/Coleccion/Flota.java</file>
            <file>file:/home/sam170703dev/Documentos/GitHub/1-DAM-GS-Informatica/1-DAM-GS-Programacion/Examen-Recuperarion-Segundo-Trimestre/AplicacionExamen/src/Embarcaciones/Acorazado.java</file>
            <file>file:/home/sam170703dev/Documentos/GitHub/1-DAM-GS-Informatica/1-DAM-GS-Programacion/Examen-Recuperarion-Segundo-Trimestre/AplicacionExamen/src/aplicacionexamen/AplicacionExamen.java</file>
        </group>
    </open-files>
</project-private>
